variavel,peso
faixa_renda_familiar_ate_1k,0.7936357727305601
faixa_renda_familiar_2k_4k,0.08108615772321384
nivel_reprov,2.0931032758049057
